{"AUC": 0.7390208204222102, "Accuracy": 0.642, "Precision": 0.44991108476585656, "Recall": 0.8386740331491712, "F1": 0.5856481481481481, "Default_Rate": 0.30945}